{
    "rmse": 23.275623963490673,
    "mae": 17.468505277882695,
    "r2": 0.9994623672228433
}